Name,Twitter Handle,Total Tweet,Total ReTweets,Total Following,Tolat Followers,UserID,User Verified,User Location,Date of Tweet,Tweet ID,Tweet Text,Tweet ReTweet Status,Tweet  Reply To ID
Mary Cross,rettwit1,21607,1,2313,1697,22158652,False,,2016-12-02 19:01:22,804762400280846336,RT @amrightnow: Trump About You @realDonaldTrump #realdonaldtrump #VoteTrump2016 #TrumpTrain Watch https://t.co/j58e8aacrE https://t.co/Ta9…,False,
Junta Civica  Duran,DURANFUERZA,34170,1,4885,5090,470426763,False,Duran-Guayas- Ecuador,2016-12-02 19:00:48,804762256768638980,RT @amrightnow: Go #USMC #Vote2016 #realdonaldtrump For the Strongest #Military #veterans #realbencarson #Army #navy #airforce https://t.co…,False,
American Right Now,amrightnow,547663,1,31931,34927,449110269,False,"New Jersey, USA",2016-12-02 19:00:32,804762191937339392,Go #USMC #Vote2016 #realdonaldtrump For the Strongest #Military #veterans #realbencarson #Army #navy #airforce https://t.co/qHzSl4WKI3,False,
American Right Now,amrightnow,547663,0,31931,34927,449110269,False,"New Jersey, USA",2016-12-02 19:00:31,804762186874847232,#realdonaldtrump Trump About You https://t.co/j58e8aacrE via @YouTube  #WisconsinPrimary #Wisconsin #Wisconsinpoll https://t.co/EU623dxzlH,False,
American Right Now,amrightnow,547663,0,31931,34927,449110269,False,"New Jersey, USA",2016-12-02 19:00:25,804762160962437120,Trump About You #realdonaldtrump #trump2016 #WisconsinPrimary https://t.co/j58e8aacrE #VoteTrump2016 #A2 #tcot #A1 https://t.co/IhmboiD4x6,False,
American Right Now,amrightnow,547663,1,31931,34927,449110269,False,"New Jersey, USA",2016-12-02 18:57:19,804761382214320128,Trump About You @realDonaldTrump #realdonaldtrump #VoteTrump2016 #TrumpTrain Watch https://t.co/j58e8aacrE https://t.co/Ta9tkvl00F,False,
Basswood Group,bfsgroupinc,4384,0,196,57,2490142490,False,"Cleveland, Ohio",2016-12-02 18:56:02,804761055834570752,#Millennials #GenXers will most likely never see tuition reforms #BernieSanders pledged now as #realDonaldTrump includes wolves of Wall st,False,
j cowley,cosmicfirepeace,28970,0,4026,2004,747891181338525696,False,,2016-12-02 18:54:13,804760598974074880,"#realDonaldTrump So what did you Win... #ElectorialCollege Votes....
I like #Presidents that Win #Majority #Votes which you clearily did not",False,
christiane amanpoor,mspiggysmother,34,0,0,0,802948149337669633,False,,2016-12-02 18:51:42,804759968633135104,GREAT REAL HUGE job at Ohio PRESIDENT TRUMP! The BEST speech heard yet Mocking those media TURKEYS who 8 CROW with much FUN #realdonaldtrump,False,
tim stark,dihkphour,195,0,24,13,69412629,False,,2016-12-02 18:48:20,804759118569422848,The mainStream media isscared todeath thatthey willbe chargedwith felonioushonesty ifthey everstop followingorders.#NoDAPL  #realdonaldtrump,False,
Bill Ketchersid,corgraph,243,0,133,22,52438701,False,"Tampa, FL",2016-12-02 18:46:43,804758710878928896,@PolticsNewz #realDonaldTrump Very unprofessional comment you made about the president elect.,False,733246533156655104
tim stark,dihkphour,195,0,24,13,69412629,False,,2016-12-02 18:45:28,804758397316952064,"stop treating the oilbank police like terrorists. they are ""moderate rebels"" #NoDAPL
 #realdonaldtrump",False,
American Right Now,amrightnow,547663,0,31931,34927,449110269,False,"New Jersey, USA",2016-12-02 18:45:21,804758368715993088,#veterans Hang On #Vote2016 #realdonaldTrump Help is incoming #maga #Military https://t.co/MpRYSZ10AZ #tcot https://t.co/6Ba8SEDHh1,False,
SisterResister,DanerE_57,6367,9,1832,635,713453071637090308,False,"Alabama, USA",2016-12-02 18:43:30,804757903332745216,"RT @discjocke52: Don't worry. I won't. Promise!
@realDonaldTrump #realDonaldTrump https://t.co/mcAOWmUbmQ",False,
American Right Now,amrightnow,547663,0,31931,34927,449110269,False,"New Jersey, USA",2016-12-02 18:40:20,804757104758243328,Trump About You Isis #realdonaldtrump #VoteTrump2016 #TrumpTrain https://t.co/j58e8aacrE  #1A #tcot https://t.co/NW7ObKyn51,False,
Lynda Caneva,Lyn1350,7614,6,97,98,714445385809399809,False,,2016-12-02 18:39:09,804756810506899456,RT @amrightnow: #realdonaldtrump Americans Choice #sarahpalin #tcot #1A #2A #pjnet #NeverHillary @DonaldJTrumpJr @DanScavino https://t.co/i…,False,
rori pierpont,roripierpont1,28695,2,520,336,707959452750761985,False,,2016-12-02 18:38:27,804756633234665472,RT @cosmicfirepeace: IS #realDonaldTrump the new drug for #Americans with 8 second memory spans... This is Great dumb down the crowd feed t…,False,
Basswood Group,bfsgroupinc,4384,0,196,57,2490142490,False,"Cleveland, Ohio",2016-12-02 18:37:52,804756485779681280,"@bfsgroupinc ...&amp; close friend of #realDonaldTrump appears he's setting U.S. up for 2nd crisis...to come soon? This is Mr. ""unpredictable""!",False,2490142490
Regina D.,nooneishere51,71328,2,2651,2349,1150914516,False,,2016-12-02 18:35:38,804755925600976896,RT @downtownnyc22: @SuzanneMalveaux @gwenifill You are pure evil joing about #president #realdonaldtrump #dying  https://t.co/KCsyWKYNJf #c…,False,
CAT,kittykittycartm,8612,9,1318,224,136007970,False,,2016-12-02 18:33:44,804755445357408256,"RT @discjocke52: Don't worry. I won't. Promise!
@realDonaldTrump #realDonaldTrump https://t.co/mcAOWmUbmQ",False,
City Photographer,NewYorkPhotoGal,54224,2,4803,6225,26178869,False,NEW YORK CITY,2016-12-02 18:31:51,804754972818755586,RT @cosmicfirepeace: IS #realDonaldTrump the new drug for #Americans with 8 second memory spans... This is Great dumb down the crowd feed t…,False,
N.C.4TRUMP,NCPray91,3861,3,885,342,789128887083098112,False,"North Carolina, USA",2016-12-02 18:30:48,804754705234743298,"RT @amrightnow: Real Trump NO Refugees Allowed In The US ""0"" Paris Declares Act Of War https://t.co/j58e8aacrE #realDonaldTrump https://t.c…",False,
j cowley,cosmicfirepeace,28970,2,4026,2004,747891181338525696,False,,2016-12-02 18:30:40,804754673798238208,IS #realDonaldTrump the new drug for #Americans with 8 second memory spans... This is Great dumb down the crowd feed them crap ...budda bing,False,
sheila Howard,RamblinRn16,119,0,79,15,1616588538,False,"midwest city, ok",2016-12-02 18:28:57,804754242330357761,#realDonaldTrump  this looks so good. Sir!! https://t.co/9ZoFw9q97X,False,
Deplorable mglessman,mglessman,113221,2,6325,6661,869176992,False,USA,2016-12-02 18:28:44,804754188504825856,RT @amrightnow: About You @realDonaldTrump #realdonaldtrump #VoteTrump2016 #TrumpTrain #WisconsinPrimary #Wisconsin #Wisconsinpoll https://…,False,
DavidG,lildg54,89404,9,400,958,22176444,False,"West University Place, TX",2016-12-02 18:28:39,804754164559581184,"RT @discjocke52: Don't worry. I won't. Promise!
@realDonaldTrump #realDonaldTrump https://t.co/mcAOWmUbmQ",False,
Danielle R. Rhéaume,rheaume76,1068,0,740,259,440754998,False,"Olympia and Seattle, WA",2016-12-02 18:28:22,804754092996382722,Post-election hate update: Trump’s “stop it” didn’t work. #racism #realdonaldtrump #hatecrime https://t.co/fPDigRqzfu via @voxdotcom,False,
Thaddeus Hutyra,teddy9999,4321,0,1303,676,32128746,False,,2016-12-02 18:25:18,804753323526094848,Hilarious Trump the coming Christmas ! America Great Again ! https://t.co/akyQrHp3BK @realDonaldTrump #realDonaldTrump @teddy9999 #teddy9999,False,
Brenda Singer,BLSinger4REAL,29416,9,1495,1454,981951186,False,NYS,2016-12-02 18:25:02,804753256253636608,"RT @discjocke52: Don't worry. I won't. Promise!
@realDonaldTrump #realDonaldTrump https://t.co/mcAOWmUbmQ",False,
Basswood Group,bfsgroupinc,4384,0,196,57,2490142490,False,"Cleveland, Ohio",2016-12-02 18:23:58,804752988472573953,#realDonaldTrump named #GeneralPetraeus as a cabinet member say he did nothing wrong in his last post. But Petraeus revealed U.S. secrets...,False,
eSublime,eSublime,24,1,5,3,16654720,False,"Nashville, TN",2016-12-02 18:22:28,804752610720890880,Someone should investigate #JillStein campaign donations. It appears that many non-US entities have funded the recount #realDonaldTrump,False,
William E. Lewis Jr.,4WilliamLewis,33928,3,324,364,2405538056,False,"Vero Beach, FL",2016-12-02 18:21:44,804752427622731776,"RT @amrightnow: Real Trump NO Refugees Allowed In The US ""0"" Paris Declares Act Of War https://t.co/j58e8aacrE #realDonaldTrump https://t.c…",False,
William E. Lewis Jr.,4WilliamLewis,33928,2,324,364,2405538056,False,"Vero Beach, FL",2016-12-02 18:21:44,804752426695884800,RT @amrightnow: Turn the lights off on your way out! We will make them bright again! Trump #VoteTrump2016 #realdonaldtrump https://t.co/H33…,False,
William E. Lewis Jr.,4WilliamLewis,33928,1,324,364,2405538056,False,"Vero Beach, FL",2016-12-02 18:21:44,804752425714380800,"RT @BillWayTODAY: $7,000,000 = 700 at $10,000 each.  #realDonaldTrump #indiana This is the new math.",False,
Paul Lanni,paulrlanni,20830,8,309,418,391497091,False,"Syracuse, NY",2016-12-02 18:21:16,804752309750267904,RT @amrightnow: #veterans Hang On #Vote2016 #realdonaldTrump Help is incoming #maga #Military https://t.co/MpRYSZ10AZ #tcot https://t.co/Pz…,False,
American Right Now,amrightnow,547663,0,31931,34927,449110269,False,"New Jersey, USA",2016-12-02 18:20:20,804752075242504193,"Trump NO Refugees Allowed In The US 0"" Paris Declares Act Of War https://t.co/j58e8aacrE #realDonaldTrump https://t.co/W8Hv5wJd7x",False,
Stephen McCabe,bevmac321,759,9,526,246,28315405,False,"Cardiff, Wales",2016-12-02 18:19:15,804751802285641729,"RT @discjocke52: Don't worry. I won't. Promise!
@realDonaldTrump #realDonaldTrump https://t.co/mcAOWmUbmQ",False,
American Right Now,amrightnow,547663,0,31931,34927,449110269,False,"New Jersey, USA",2016-12-02 18:18:23,804751580771876864,Its harvest time vote Trump 2016 #realdonaldtrump #VoteTrump2016 #MakeAmericaGreatAgain https://t.co/fwQWyXKBNp,False,
Roberto Coyne,FlyBobCoyne,3763,0,310,109,3406609307,False,,2016-12-02 18:15:33,804750869233364992,@nia4_trump #realDonaldTrump it's time to shut'em down!,False,704041886089084928
Nelly,yourbodybible,57855,9,4948,2722,93583928,False,Canada,2016-12-02 18:15:28,804750850375593985,"RT @discjocke52: Don't worry. I won't. Promise!
@realDonaldTrump #realDonaldTrump https://t.co/mcAOWmUbmQ",False,
lisa loi,solocurve,5704,3,152,81,2586529265,False,,2016-12-02 18:14:02,804750486570147840,RT @thugsRbadMK: #realDonaldTrump IS AFRAID OF A RE-COUNT!! #auditthevote #notmypresident he would want one if he lost. DOUBLE STANDARD,False,
American Right Now,amrightnow,547663,0,31931,34927,449110269,False,"New Jersey, USA",2016-12-02 18:13:20,804750312980578304,#realdonaldtrump Both Parties Have Shown American’s #military #army #navy #usmc #airforce #veterans #markcuban https://t.co/JntKGokkwq,False,
tf,thunderbayrules,8903,3,315,228,4185080121,False,,2016-12-02 18:11:12,804749773949517828,"RT @amrightnow: ""The Real Trump"" Make Video #realdonaldtrump https://t.co/j58e8aacrE #WisconsinPrimary #Wisconsin #Wisconsinpoll https://t.…",False,
Kathryn Perlmutter,fenwaynkat,275,0,65,95,550044511,False,"Mill Valley, CA",2016-12-02 18:11:12,804749773500600320,#realdonaldtrump #ladies4trump sad and true https://t.co/wQQdUhFPIx,False,
Jerry Lanson,jerrylanson,2812,0,308,627,16185290,False,"Boston, MA",2016-12-02 18:10:33,804749612917686273,"Imitating Putin, in more ways than one. #realDonaldTrump #2016election https://t.co/aAlDBcZ07T",False,
Sophie,mickerdos1,4394,9,403,275,759072499388784640,False,,2016-12-02 18:09:44,804749405324771328,"RT @discjocke52: Don't worry. I won't. Promise!
@realDonaldTrump #realDonaldTrump https://t.co/mcAOWmUbmQ",False,
"NOT My President,",grumpymoochie,4187,9,1276,500,789640373882716161,False,"Michigan, USA",2016-12-02 18:07:54,804748944156856321,"RT @discjocke52: Don't worry. I won't. Promise!
@realDonaldTrump #realDonaldTrump https://t.co/mcAOWmUbmQ",False,
Moola,Moo57556470,12262,9,6464,5914,759570314879655936,False,United States,2016-12-02 18:07:02,804748724438085632,"RT @discjocke52: Don't worry. I won't. Promise!
@realDonaldTrump #realDonaldTrump https://t.co/mcAOWmUbmQ",False,
TRUMP FOR PRESIDENT,slobo66,13419,3,554,611,57982881,False,United States,2016-12-02 18:06:04,804748484574412800,"RT @amrightnow: ""The Real Trump"" Make Video #realdonaldtrump https://t.co/j58e8aacrE #WisconsinPrimary #Wisconsin #Wisconsinpoll https://t.…",False,
American Right Now,amrightnow,547663,0,31931,34927,449110269,False,"New Jersey, USA",2016-12-02 18:04:21,804748052854689792,#veterans Hang On #Vote2016 #realdonaldTrump Help is incoming #maga #Military https://t.co/MpRYSZ10AZ  #Wisconsin https://t.co/JTanGOdTze,False,
Vegas Realtor Jay,JayWoodVegas,9407,3,2208,2093,3243659821,False,"Las Vegas, NV",2016-12-02 18:03:30,804747835803435009,RT @thugsRbadMK: #realDonaldTrump IS AFRAID OF A RE-COUNT!! #auditthevote #notmypresident he would want one if he lost. DOUBLE STANDARD,False,
Hermione Slack,Meganta61,2270,0,189,132,4859607708,False,"Portland, OR",2016-12-02 18:02:53,804747680698093568,"Wow!Joy-Ann nails Trump's weakness of character, what drives him, his fatal flaws, as no one in the media has.… https://t.co/tDiSUkH8u4",False,
Golden Spider Lily,lycoris_aurea,3627,3,39,106,718237444768952324,False,,2016-12-02 18:02:39,804747622351306752,RT @thugsRbadMK: #realDonaldTrump IS AFRAID OF A RE-COUNT!! #auditthevote #notmypresident he would want one if he lost. DOUBLE STANDARD,False,
Eddie Muddy,thugsRbadMK,1079,3,284,66,743828447298879488,False,"Kansas, USA",2016-12-02 18:02:04,804747477014429697,#realDonaldTrump IS AFRAID OF A RE-COUNT!! #auditthevote #notmypresident he would want one if he lost. DOUBLE STANDARD,False,
WeirdReport,WeirdReport,56456,3,23180,25394,57174231,False,FormerRepublicOfTheUSA,2016-12-02 18:01:29,804747329236570114,Democrats keep instructing Trump on how he must govern as President. Don't they know they lost? #Democrats #GOP #realDonaldTrump,False,
Deplorable fordgt40,nobamanoway,288847,3,13531,12518,36048950,False,SE Meeechigan / NW Ohio,2016-12-02 18:01:27,804747323003834368,"RT @amrightnow: ""The Real Trump"" Make Video #realdonaldtrump https://t.co/j58e8aacrE #WisconsinPrimary #Wisconsin #Wisconsinpoll https://t.…",False,
American Right Now,amrightnow,547663,3,31931,34927,449110269,False,"New Jersey, USA",2016-12-02 18:00:34,804747100814802944,"""The Real Trump"" Make Video #realdonaldtrump https://t.co/j58e8aacrE #WisconsinPrimary #Wisconsin #Wisconsinpoll https://t.co/Ujavg7N6iM",False,
American Right Now,amrightnow,547663,2,31931,34927,449110269,False,"New Jersey, USA",2016-12-02 18:00:34,804747097794809859,About You @realDonaldTrump #realdonaldtrump #VoteTrump2016 #TrumpTrain #WisconsinPrimary #Wisconsin #Wisconsinpoll https://t.co/GiM86wXcGM,False,
Winton S.,dudleydwrightly,511,0,0,5,1103622835,False,"New York, NY",2016-12-02 17:58:53,804746675008966656,@realDonaldTrump Tom Price IS THE SWAMP. #realdonaldtrump #trump #kellyannepolls #foxnews #breitbart #megynkelly #USAtoday #cnn #ap #forbes,False,1103622835
Wm. Lee Merritt,wmleemert,130957,1,4887,5414,1599562578,False,"Lincoln, NE, USA",2016-12-02 17:58:51,804746667966791680,RT @amrightnow: Trump @realDonaldTrump #realdonaldtrump #VoteTrump2016 #TrumpTrain #tcot https://t.co/j58e8aacrE https://t.co/x85CBoUOcH,False,
Jan Maxwell,januarycat,2967,0,286,121,20214551,False,Texas,2016-12-02 17:57:40,804746369428766720,So much for bringing Americans together. #realDonaldTrump https://t.co/FzqkMXpzCa,False,
American Right Now,amrightnow,547663,1,31931,34927,449110269,False,"New Jersey, USA",2016-12-02 17:55:21,804745786508591105,Trump @realDonaldTrump #realdonaldtrump #VoteTrump2016 #TrumpTrain #tcot https://t.co/j58e8aacrE https://t.co/x85CBoUOcH,False,
Michael Mumford,PROUDUSMCVETSON,21,0,117,8,769582204821331968,False,"Westerly, RI",2016-12-02 17:54:04,804745462418960384,"#PEOTUS, #realDonaldTrump  you be carful out there. The country needs a strong patriot, and its YOU.",False,
American Right Now,amrightnow,547663,0,31931,34927,449110269,False,"New Jersey, USA",2016-12-02 17:50:19,804744521334620160,#RealDonaldTrump #Military #Veterans Watch https://t.co/j58e8aacrE #RealDonaldTrump #votetrump2016 #Wisconsin https://t.co/p0I0BTnN0J,False,
ukraine-english-news,discjocke52,135090,9,594,2639,423625300,False,"United States, Ukraine",2016-12-02 17:48:23,804744031330856960,"Don't worry. I won't. Promise!
@realDonaldTrump #realDonaldTrump https://t.co/mcAOWmUbmQ",False,
John,Maddogph123Phx,1697,3,461,184,2671003740,False,,2016-12-02 17:45:19,804743260878966784,"RT @amrightnow: Real Trump NO Refugees Allowed In The US ""0"" Paris Declares Act Of War https://t.co/j58e8aacrE #realDonaldTrump https://t.c…",False,
DrBill,wafenton,239,0,34,33,2686408387,False,"California, USA",2016-12-02 17:42:11,804742473188712448,MSN  saying no other PEOTUS has ever done a vic/thanks tour.  The others all forget the voters once elected #realdonaldtrump,False,
BillYarberDeplorable,2billyarber,16301,2,1966,1427,713042264252092417,False,"Florida, USA",2016-12-02 17:38:18,804741496612253696,RT @amrightnow: Turn the lights off on your way out! We will make them bright again! Trump #VoteTrump2016 #realdonaldtrump https://t.co/H33…,False,
American Right Now,amrightnow,547663,3,31931,34927,449110269,False,"New Jersey, USA",2016-12-02 17:36:20,804740998379225089,"Real Trump NO Refugees Allowed In The US ""0"" Paris Declares Act Of War https://t.co/j58e8aacrE #realDonaldTrump https://t.co/VxjeLXfu99",False,
American Right Now,amrightnow,547663,2,31931,34927,449110269,False,"New Jersey, USA",2016-12-02 17:34:21,804740500473466880,Turn the lights off on your way out! We will make them bright again! Trump #VoteTrump2016 #realdonaldtrump https://t.co/H33ytWwjwg,False,
scott neisess,scottiberius,7414,5,487,228,285489489,False,"palm beach gardens ,Florida",2016-12-02 17:30:55,804739635209441284,RT @amrightnow: Hillary Clinton should be in Jail Not on the campaign Trail #realdonaldtrump #military #army #navy #usmc https://t.co/IbNiU…,False,
Bill Way,BillWayTODAY,91,1,75,26,286695360,False,"Hawthorn Woods, Illinois, USA",2016-12-02 17:25:45,804738337655451649,"$7,000,000 = 700 at $10,000 each.  #realDonaldTrump #indiana This is the new math.",False,
William E. Lewis Jr.,4WilliamLewis,33928,2,324,364,2405538056,False,"Vero Beach, FL",2016-12-02 17:21:02,804737150503817216,RT @amrightnow: Trump About You @realDonaldTrump #realdonaldtrump #VoteTrump2016 #TrumpTrain Watch https://t.co/j58e8aacrE https://t.co/CbT…,False,
William E. Lewis Jr.,4WilliamLewis,33928,1,324,364,2405538056,False,"Vero Beach, FL",2016-12-02 17:21:02,804737149799120896,"RT @PeterAtLarge: After ""winning"" despite a substantial loss of popular vote, #realdonaldtrump indulges in an orgy of public self-congratul…",False,
William E. Lewis Jr.,4WilliamLewis,33928,1,324,364,2405538056,False,"Vero Beach, FL",2016-12-02 17:21:02,804737148897415168,RT @eswillwalker: How #realdonaldtrump supporters view all women. https://t.co/6KyYZ6eqOr,False,
ThankYouHillary,entrnamehere,307,0,62,36,759856249919922176,False,,2016-12-02 17:18:53,804736610814324736,"But the #POETUS #realDonaldTrump  said millions voted illegally! Based on his own words, we owe it to everyone to c… https://t.co/rPqEpn3g1S",False,
Nancy,BeachGirl1900,33,0,6,1,803765785307082755,False,,2016-12-02 17:18:50,804736595161206784,"#realdonaldtrump what kind of leader surrounds himself w/ military, puts down press, says lock up opponents, and hates press?  Dictators",False,
Star Ashley,StarAshley8,14943,2,779,508,768254947167047680,False,Maryland,2016-12-02 17:17:10,804736175286185984,RT @amrightnow: Trump About You @realDonaldTrump #realdonaldtrump #VoteTrump2016 #TrumpTrain Watch https://t.co/j58e8aacrE https://t.co/qY2…,False,
Nancy,BeachGirl1900,33,0,6,1,803765785307082755,False,,2016-12-02 17:15:56,804735867961098240,"Way to go #realdonaldtrump. More jobs going to Mex than you saved 1,300 vs 1,000. Each one saved cost taxpayers $7,000 + future contracts",False,
Deplorable CJ,CarolFoster13,103683,2,3776,3801,485960927,False,,2016-12-02 17:04:56,804733097166118912,RT @amrightnow: how About You @realDonaldTrump #realdonaldtrump #VoteTrump2016 #TrumpTrain Watch https://t.co/j58e8aacrE https://t.co/6KqdL…,False,
Deplorable CJ,CarolFoster13,103683,1,3776,3801,485960927,False,,2016-12-02 17:03:57,804732852713689088,RT @amrightnow: Hillary Clinton should be in Jail Not on the campaign Trail #realdonaldtrump #military #army #navy #usmc https://t.co/MbkTr…,False,
American Patriot,America57748638,726,2,433,136,804335338374262785,False,,2016-12-02 17:02:50,804732570038583297,RT @amrightnow: Trump About You @realDonaldTrump #realdonaldtrump #VoteTrump2016 #TrumpTrain Watch https://t.co/j58e8aacrE https://t.co/qY2…,False,
RONALD PAT HUDGINS,RHUDGIN745,2090,0,772,180,69353925,False,"BASTROP, TEXAS",2016-12-02 17:02:00,804732360063414279,"#dorothypriceo

#realDonaldTrump 
This is why we don't burn our flag!!! https://t.co/pXPoEBnBNT",False,
American Right Now,amrightnow,547663,2,31931,34927,449110269,False,"New Jersey, USA",2016-12-02 17:01:22,804732199304122369,Trump About You @realDonaldTrump #realdonaldtrump #VoteTrump2016 #TrumpTrain Watch https://t.co/j58e8aacrE https://t.co/qY2Nmpshxg,False,
Allen Ellis,AllenEllis14,110020,1,11116,11623,55004670,False,"alexandria,va",2016-12-02 17:00:27,804731968323719168,RT @amrightnow: Trump Family @realDonaldTrump #realdonaldtrump #VoteTrump2016 #TrumpTrain #tcot Watch https://t.co/j58e8aacrE https://t.co/…,False,
Debbie Hall,ym_debra,16633,1,183,213,2358183505,False,,2016-12-02 16:56:05,804730870695399424,RT @amrightnow: Trump About You @realDonaldTrump #realdonaldtrump #VoteTrump2016 #TrumpTrain Watch https://t.co/j58e8aacrE https://t.co/Fgd…,False,
American Right Now,amrightnow,547663,0,31931,34927,449110269,False,"New Jersey, USA",2016-12-02 16:54:19,804730427588153344,Go #NAVY #Vote2016 #realdonaldtrump For the Strongest #Military #veterans #realbencarson #Army #usmc #airforce https://t.co/KDmHRMFKnn,False,
American Right Now,amrightnow,547663,1,31931,34927,449110269,False,"New Jersey, USA",2016-12-02 16:53:17,804730168271110145,Trump About You @realDonaldTrump #realdonaldtrump #VoteTrump2016 #TrumpTrain Watch https://t.co/j58e8aacrE https://t.co/FgdDxtoTH0,False,
Ridha Lanouar,LanRid01,1490,0,473,154,22781119,False,"Phoenix, Arizona USA ",2016-12-02 16:52:38,804730001618677760,@Morning_Joe @JoeNBC @MSNBC #realDonaldTrump is a #narcissist he likes the #Attention.  he lost by 2million votes he shouldn't brag.,False,254117355
Dundoit,rungie08,528,0,92,25,2921130188,False,"Florida, USA",2016-12-02 16:46:50,804728543548739584,"#everybodytweettrump
Shut him down
@karenhunter #ALLIN #realDonaldTrump 
#BLM @iJesseWilliams 
Stop this #king",False,
nancy green,nancy73gg,45309,2,305,564,3167639097,False,"Austin, TX",2016-12-02 16:42:46,804727521581404160,RT @amrightnow: Trump About You @realDonaldTrump #realdonaldtrump #VoteTrump2016 #TrumpTrain Watch https://t.co/j58e8aacrE https://t.co/CbT…,False,
Kelly,KellyReed1121,1928,0,262,59,4745642594,False,"Nevada, USA",2016-12-02 16:41:22,804727166420152320,@realDonaldTrump you are a colossal failure and a fucking joke #RealDonaldTrump #NeverTrump #WhinyBitchFuckhead,False,25073877
ukraine-english-news,discjocke52,135090,0,594,2639,423625300,False,"United States, Ukraine",2016-12-02 16:41:15,804727136728780800,"#Loser #Trump What is @realDonaldTrump #realDonaldTrump hiding? If he's not hiding anything, he should let it play… https://t.co/1mFy94Zrsb",False,
Laura Pauls,lmpauls51,8030,2,750,438,332076821,False,Arizona,2016-12-02 16:40:49,804727031183216640,RT @amrightnow: how About You @realDonaldTrump #realdonaldtrump #VoteTrump2016 #TrumpTrain Watch https://t.co/j58e8aacrE https://t.co/6KqdL…,False,
American Right Now,amrightnow,547663,0,31931,34927,449110269,False,"New Jersey, USA",2016-12-02 16:40:19,804726903219306496,About You #realdonaldtrump #trump2016 #TrumpTrain  Watch https://t.co/j58e8aacrE #VoteTrump2016 #A2 #tcot #A1 https://t.co/pm62XUPc3B,False,
American Right Now,amrightnow,547663,1,31931,34927,449110269,False,"New Jersey, USA",2016-12-02 16:40:19,804726903118692352,Hillary Clinton should be in Jail Not on the campaign Trail #realdonaldtrump #military #army #navy #usmc https://t.co/MbkTrjGewk,False,
American Right Now,amrightnow,547663,2,31931,34927,449110269,False,"New Jersey, USA",2016-12-02 16:40:18,804726900069466112,how About You @realDonaldTrump #realdonaldtrump #VoteTrump2016 #TrumpTrain Watch https://t.co/j58e8aacrE https://t.co/6KqdLlE4il,False,
Troy Font,takerusback,7287,6,42,124,4426650435,False,,2016-12-02 16:36:18,804725893193146368,RT @amrightnow: Trump About You @realDonaldTrump #realdonaldtrump #VoteTrump2016 #TrumpTrain Watch https://t.co/j58e8aacrE https://t.co/Vi7…,False,
joachim k,joachim111,4131,0,1545,466,115842839,False,Boston,2016-12-02 16:36:06,804725843041906688,#realdonaldtrump does not attend security meetings because he does not understand international affairs...,False,
(((tonygruenewald))),tonygruenewald,840,0,214,76,15790392,False,"Edison, NJ",2016-12-02 16:35:02,804725573314637824,"If PEOTUS is overseeing crowds chanting ""Lock Her Up"" wouldn't his poisoning make any court case impossible to prosecute? #realDonaldTrump",False,
American Right Now,amrightnow,547663,0,31931,34927,449110269,False,"New Jersey, USA",2016-12-02 16:30:21,804724393607892992,Big Landslide #realdonaldtrump #VoteTrump2016 #TrumpTrain Watch https://t.co/j58e8aacrE #tcot #army https://t.co/DOUuHucyNY,False,
Elaine Warren Heburn,ElaineCatherine,703,0,242,71,24771492,False,"Austin, TX",2016-12-02 16:28:47,804724000786173952,Why does #realDonaldTrump look so orange?  Is it spray tan gone wrong?  Make up?  Bad genes?,False,
American Right Now,amrightnow,547663,2,31931,34927,449110269,False,"New Jersey, USA",2016-12-02 16:26:18,804723374861807616,Trump About You @realDonaldTrump #realdonaldtrump #VoteTrump2016 #TrumpTrain Watch https://t.co/j58e8aacrE https://t.co/CbTNSnoUja,False,
Peter Clothier,PeterAtLarge,1417,1,3030,2717,41225282,False,Southern California,2016-12-02 16:25:48,804723251746177024,"After ""winning"" despite a substantial loss of popular vote, #realdonaldtrump indulges in an orgy of public self-congratulation. Sickening!",False,
Stephanie Jones,Jonesmom2Jones,21647,4,92,292,703736130399813632,False,"Jasper, Ga",2016-12-02 16:24:52,804723014038421504,RT @amrightnow: Americans it’s time to changes the sheets #realdonaldtrump #VoteTrump2016 #MakeAmericaGreatAgain https://t.co/6xahzpecLU,False,
FFPCAN- Pain Care,goldenmain517,17969,5,583,925,328332222,False,Tampa florida,2016-12-02 16:22:33,804722432003207168,RT @amrightnow: Hillary Clinton should be in Jail Not on the campaign Trail #realdonaldtrump #military #army #navy #usmc https://t.co/IbNiU…,False,
Ellen L. Simms,eswillwalker,17748,1,254,825,242155735,False,"Berkeley, CA",2016-12-02 16:21:07,804722072848994304,How #realdonaldtrump supporters view all women. https://t.co/6KyYZ6eqOr,False,
American Right Now,amrightnow,547663,0,31931,34927,449110269,False,"New Jersey, USA",2016-12-02 16:20:18,804721865763782661,Trump About You @realDonaldTrump #realdonaldtrump #VoteTrump2016 #TrumpTrain #tcot https://t.co/j58e8aacrE https://t.co/MF3WWTd7oW,False,
William E. Lewis Jr.,4WilliamLewis,33928,1,324,364,2405538056,False,"Vero Beach, FL",2016-12-02 16:20:17,804721861896634368,RT @rondmanley: #realdonaldtrump Great weather to stay at home &amp; practice your GOLF SWING MOVES 2 improve your game! See tip below! https:/…,False,
William E. Lewis Jr.,4WilliamLewis,33928,1,324,364,2405538056,False,"Vero Beach, FL",2016-12-02 16:20:17,804721861414309888,"RT @RonaldNJPoem: Anti #realdonaldtrump News @CNN &amp; #MSNBC 
cry foul DJT reopens election win
Wasn't it @Jillstein &amp; #Hillaryclinton w reco…",False,
William E. Lewis Jr.,4WilliamLewis,33928,2,324,364,2405538056,False,"Vero Beach, FL",2016-12-02 16:20:17,804721860814454784,RT @amrightnow: About You @realDonaldTrump #realdonaldtrump #VoteTrump2016 #TrumpTrain Watch https://t.co/j58e8aacrE https://t.co/G1QgFU8vQT,False,
Michael Southerland,mjsoutherland,8972,0,1157,853,124557613,False,FarPointe (North Georgia),2016-12-02 16:16:29,804720905104556032,#realDonaldTrump It takes #kellyripa longer to find a co-host than President Trump to build his cabinet.,False,
800poundgorilla,800lbgorilla1,3,0,1,0,758671476287430656,False,,2016-12-02 16:15:44,804720717333925889,Where will the 7 million dollars come from that Trump gave Carrier? #realdonaldtrump,False,
Debbie Hall,ym_debra,16633,4,183,213,2358183505,False,,2016-12-02 16:09:44,804719208357654529,RT @amrightnow: Americans it’s time to changes the sheets #realdonaldtrump #VoteTrump2016 #MakeAmericaGreatAgain https://t.co/6xahzpecLU,False,
Finding Belief,2ThinkOn,2071,4,687,230,785902400209088513,False,california,2016-12-02 16:07:29,804718640847171585,RT @amrightnow: Americans it’s time to changes the sheets #realdonaldtrump #VoteTrump2016 #MakeAmericaGreatAgain https://t.co/6xahzpecLU,False,
CONSERVATIVE CRIS,greatfullydeadi,2982,4,1374,542,4926173698,False,"North Carolina, USA",2016-12-02 16:07:19,804718597063016448,RT @amrightnow: Americans it’s time to changes the sheets #realdonaldtrump #VoteTrump2016 #MakeAmericaGreatAgain https://t.co/6xahzpecLU,False,
LA PODEROSA,domenicosante,100057,5,5385,5406,835941276,False,,2016-12-02 16:06:16,804718332473704448,RT @amrightnow: Hillary Clinton should be in Jail Not on the campaign Trail #realdonaldtrump #military #army #navy #usmc https://t.co/IbNiU…,False,
Dr V Boombatz,Drvboom,1208,0,40,31,29692745,False,US,2016-12-02 16:02:48,804717460213657600,#realdonaldtrump so not President material. Luke watching a barker at a cheap carney show. https://t.co/gPRy0yZRz9,False,
Dr V Boombatz,Drvboom,1208,0,40,31,29692745,False,US,2016-12-02 16:02:47,804717458640748545,#realdonaldtrump This Trump cabinet is designed to shoplift the pootie from America's single moms and forlorn masse… https://t.co/6xAdmVJ9Cr,False,
Debbie Hall,ym_debra,16633,5,183,213,2358183505,False,,2016-12-02 16:00:31,804716886327959552,RT @amrightnow: Hillary Clinton should be in Jail Not on the campaign Trail #realdonaldtrump #military #army #navy #usmc https://t.co/IbNiU…,False,
American Right Now,amrightnow,547663,4,31931,34927,449110269,False,"New Jersey, USA",2016-12-02 16:00:24,804716856334499840,Americans it’s time to changes the sheets #realdonaldtrump #VoteTrump2016 #MakeAmericaGreatAgain https://t.co/6xahzpecLU,False,
Antonio Diaz Piña,adiazpi,258436,5,110235,101509,148360487,False,"México, D. F. ",2016-12-02 15:59:04,804716520286912513,RT @amrightnow: Hillary Clinton should be in Jail Not on the campaign Trail #realdonaldtrump #military #army #navy #usmc https://t.co/IbNiU…,False,
American Right Now,amrightnow,547663,5,31931,34927,449110269,False,"New Jersey, USA",2016-12-02 15:58:19,804716332025606144,Hillary Clinton should be in Jail Not on the campaign Trail #realdonaldtrump #military #army #navy #usmc https://t.co/IbNiUXMhgl,False,
mat loboo,ml4959,17,0,5,2,116307349,False,,2016-12-02 15:55:22,804715590627762176,#realdonaldtrump false president,False,
blklab,JessDogma,97,0,0,1,759006088934985728,False,,2016-12-02 15:52:01,804714749556621313,#realDonaldTrump Policies at work already #kellyannepolls #msnbc #thedailybeast  #cnn #msnbc #thedailybeast… https://t.co/gY7CjM154Z,False,
Laura Sessions,laurasessions10,1258,0,369,252,287300543,False,"Glen Cove, New York",2016-12-02 15:48:26,804713846384590848,"We know what happened in nazi germany,  WE can do better and stop it earlier. WHO'S WITH ME. #resistance #realdonaldtrump #werestillhere",False,
American Right Now,amrightnow,547663,1,31931,34927,449110269,False,"New Jersey, USA",2016-12-02 15:44:18,804712804473257984,Trump Family @realDonaldTrump #realdonaldtrump #VoteTrump2016 #TrumpTrain #tcot Watch https://t.co/j58e8aacrE https://t.co/qxyd5YHZfE,False,
jdesert1 Vote Trump,JimDesert1,43706,1,681,485,730865469062680577,False,,2016-12-02 15:42:42,804712402172317696,RT @amrightnow: Trump About You #realdonaldtrump #VoteTrump2016 #TrumpTrain #tcot Watch https://t.co/j58e8aacrE #1A https://t.co/VtOtPpTfcv,False,
vaw,vawelk23,1701,0,732,144,289127396,False,United States,2016-12-02 15:40:59,804711971295821824,#realDonaldTrump @realDonaldTrump #hesnotmypresident Once a scam artist always a scam artist! https://t.co/fy2dTfhErS,False,
American Right Now,amrightnow,547663,0,31931,34927,449110269,False,"New Jersey, USA",2016-12-02 15:40:17,804711796460425216,"#realdonaldtrump America’s Future, Freedom and Our Constitution is at Stake #MAGA #DrainTheSwamp America First https://t.co/JmcJ4RHRtE",False,
AdrianaStuijt,AdrianaStuijt,119065,0,4282,5641,18789378,False,The Netherlands,2016-12-02 15:40:07,804711753682681857,"#realDonaldTrump We get #winning #millionaire business people in our  cabinet ""because they know how to make money
https://t.co/qmFTt4Rn8G",False,
vaw,vawelk23,1701,0,732,144,289127396,False,United States,2016-12-02 15:39:00,804711472857313281,#realDonaldTrump @realDonaldTrump #hesnotmypresident Once a sexist womanizer always a sexist womanizer! https://t.co/vwDXJyVtO6,False,
331adp,331adp1,1503,0,0,1,4554687853,False,,2016-12-02 15:38:02,804711230912876544,"Japan's PM, Agent of japanese #establishment  urge US to approve TPP.

@realDonaldTrump #TPP #apec
#realdonaldtrump",False,
John Mangan,caracal,3968,0,468,284,7980812,False,Norwich in the UK,2016-12-02 15:32:01,804709713338318848,"Why is #Trump tweeting? Because he cheated, lied &amp; twisted his way to winning. You're never at ease, knowing that

#bbcnews #realDonaldTrump",False,
vaw,vawelk23,1701,0,732,144,289127396,False,United States,2016-12-02 15:31:58,804709703636942848,#realDonaldTrump @realDonaldTrump #hesnotmypresident Once a racist always racist!A disgrace to all decent humanity! https://t.co/7kJugU1Sqv,False,
Laura Sessions,laurasessions10,1258,0,369,252,287300543,False,"Glen Cove, New York",2016-12-02 15:29:50,804709167651028992,#realdonaldtrump. 1st con &amp; promise..then the betrayal. Thousands believed then they suffer. Him?? Nope.. He gets the $$$ #resistance,False,
SexyDeplorable,ChiefFabulous,92903,2,4867,3976,4449043152,False,,2016-12-02 15:27:01,804708456691339269,RT @amrightnow: About You @realDonaldTrump #realdonaldtrump #VoteTrump2016 #TrumpTrain Watch https://t.co/j58e8aacrE https://t.co/G1QgFU8vQT,False,
MR. PRINCE CHARMING,HONERABLEMRRAM,40166,1,2431,236,636672006,False,INDIA [ASIA],2016-12-02 15:25:02,804707955912286209,RT @amrightnow: Just a American #realdonaldtrump #trump2016 You’re American #tcot #Greta #1A #2A #realdonaldtrump America First #1 https://…,False,
American Right Now,amrightnow,547663,1,31931,34927,449110269,False,"New Jersey, USA",2016-12-02 15:24:18,804707772092846082,Just a American #realdonaldtrump #trump2016 You’re American #tcot #Greta #1A #2A #realdonaldtrump America First #1 https://t.co/sUyFC7m5Lw,False,
for Attorneys Only!,rondmanley,17499,1,577,7176,133640256,False,"Palos Heights, IL",2016-12-02 15:23:22,804707537727746048,#realdonaldtrump Great weather to stay at home &amp; practice your GOLF SWING MOVES 2 improve your game! See tip below! https://t.co/vLIwy2cv1a,False,
blklab,JessDogma,97,0,0,1,759006088934985728,False,,2016-12-02 15:23:19,804707523794243588,"#kellyannepolls Dodged answering whether Trumps unsubstantiated claim that ""millions"" voted illegally #msnbc… https://t.co/Uw8q9dBh72",False,
Ronald,RonaldNJPoem,2398,1,4,54,2950557665,False,Central Jersey Shore ,2016-12-02 15:22:48,804707395553337345,"Anti #realdonaldtrump News @CNN &amp; #MSNBC 
cry foul DJT reopens election win
Wasn't it @Jillstein &amp; #Hillaryclinton w recount?

@seanhannity",False,
American Right Now,amrightnow,547663,2,31931,34927,449110269,False,"New Jersey, USA",2016-12-02 15:20:17,804706764222566402,About You @realDonaldTrump #realdonaldtrump #VoteTrump2016 #TrumpTrain Watch https://t.co/j58e8aacrE https://t.co/G1QgFU8vQT,False,
American Right Now,amrightnow,547663,0,31931,34927,449110269,False,"New Jersey, USA",2016-12-02 15:20:17,804706764197416960,Trump About Paris  #realdonaldtrump #trump2016 #VoteTrump2016 #TrumpTrain https://t.co/j58e8aacrE https://t.co/y6eiTpZyPF,False,
gail ,downtownnyc22,449,2,17,8,3231946805,False,,2016-12-02 15:19:51,804706652935122944,@SuzanneMalveaux @gwenifill You are pure evil joing about #president #realdonaldtrump #dying  https://t.co/KCsyWKYNJf #cernovich #maga,False,26083271
William E. Lewis Jr.,4WilliamLewis,33928,1,324,364,2405538056,False,"Vero Beach, FL",2016-12-02 15:19:30,804706565206974464,"RT @PJ_USA_No1: #realDonaldTrump...Please return Winston Churchill 'Bust' to the Oval Office on Jan. 20, 2017!",False,
William E. Lewis Jr.,4WilliamLewis,33928,1,324,364,2405538056,False,"Vero Beach, FL",2016-12-02 15:19:30,804706564552724482,RT @donpenven: #RealDonaldTrump-One of the smartest things you did was appoint KellyAnn. Please listen to her in re: Mitt. Your trust in he…,False,
American Right Now,amrightnow,547663,1,31931,34927,449110269,False,"New Jersey, USA",2016-12-02 15:16:18,804705761528053764,Trump About You #realdonaldtrump #VoteTrump2016 #TrumpTrain #tcot Watch https://t.co/j58e8aacrE #1A https://t.co/VtOtPpTfcv,False,
Amanda Ogden,confsekesving11,522,1,19,24,800911670793138176,False,,2016-12-02 15:11:50,804704634434621441,RT @nancy_darrow: Trump fills his administration with Washington elite. Anti-elite voters duped #realdonaldtrump,False,
IDTheftReport2020,IDTheftReports,397,0,9972,9894,767009823053320192,False,"Washington, DC",2016-12-02 15:11:20,804704510186848258,@voxdotcom INCORRECT! WatchVIDEEO-ISIS KOd In&lt;1Yr @YahooPolitics @transition2017 #cnn #ap #syria #realDonaldTrump… https://t.co/qD6WpAWLQZ,False,2347049341
Emilio Pradilla,EmilioPradilla,14066,1,4557,2244,946104655,False,FB: emilio.pradillafonrodona,2016-12-02 15:04:39,804702828379901952,RT @amrightnow: Hillary Clinton should be in Jail Not on the campaign Trail #realdonaldtrump #military #army #navy #usmc https://t.co/x1qj9…,False,
Henry_ Agueros,agueros_henry,151835,1,3192,3634,628979942,False,Western United States,2016-12-02 15:04:17,804702735459381248,RT @amrightnow: #realdonaldtrump #VoteTrump2016 Watch https://t.co/j58e8aacrE #WisconsinPrimary #Wisconsin #Wisconsinpoll https://t.co/zPkm…,False,
American Right Now,amrightnow,547663,1,31931,34927,449110269,False,"New Jersey, USA",2016-12-02 15:02:44,804702343883268096,Hillary Clinton should be in Jail Not on the campaign Trail #realdonaldtrump #military #army #navy #usmc https://t.co/x1qj9IEih2,False,
American Right Now,amrightnow,547663,1,31931,34927,449110269,False,"New Jersey, USA",2016-12-02 15:02:38,804702318507814912,#realdonaldtrump #VoteTrump2016 Watch https://t.co/j58e8aacrE #WisconsinPrimary #Wisconsin #Wisconsinpoll https://t.co/zPkmUjP6GX,False,
jfdaws,jfdaws,44015,3,2777,2406,52096510,False,,2016-12-02 15:00:31,804701785839566848,RT @amrightnow: Trump About You @realDonaldTrump #realdonaldtrump #VoteTrump2016 #TrumpTrain Watch https://t.co/j58e8aacrE https://t.co/8Fe…,False,
Thomas Maus,maus_thomas,320,0,60,70,4907106505,False,"Kansas, USA",2016-12-02 15:00:16,804701724602724354,"#realDonaldTrump ROMNEY'S CAMPAIGN AGAINST AMERICAN PATRIOTS ISN'T GOING TO GET HIM A JOB. REMEMBER THIS ""DRAIN THE SWAMP """,False,
Chris Regier,enigma2922,36,0,28,4,81115215,False,,2016-12-02 15:00:15,804701718760030209,Will #realDonaldTrump clear the #FAA backlog of approvals for private aviation!?  Just watch!,False,
American Right Now,amrightnow,547663,0,31931,34927,449110269,False,"New Jersey, USA",2016-12-02 14:58:16,804701223576305664,"#realdonaldtrump America’s Future, Freedom and Our Constitution is at Stake #MAGA #DrainTheSwamp America First https://t.co/6mHW0tdOKw",False,
blklab,JessDogma,97,0,0,1,759006088934985728,False,,2016-12-02 14:58:09,804701190823014400,#kellyannepolls I ran a campaign that was a platform for white supremacists #trump #cnn #msnbc #thedailybeast… https://t.co/WfGJsMKdc4,False,
Deplorable R W,JAYBOY6930,54906,1,2357,1424,221121595,False,Tennessee,2016-12-02 14:56:01,804700656795844608,RT @amrightnow: Trump Family @realDonaldTrump #realdonaldtrump #VoteTrump2016 #TrumpTrain #tcot Watch https://t.co/j58e8aacrE https://t.co/…,False,
J^3,3J1963,4064,1,101,61,736658981410738178,False,,2016-12-02 14:53:53,804700118943432704,"RT @laurasessions10: #RESISTANCE is not futile!!!! He's not the Borg, he's just a narcissist man!!!!!! #realdonaldtrump",False,
The Wave,TheWaveCult,3,0,61,2,790630062957666304,False,,2016-12-02 14:47:58,804698630296895488,Keep calm.  Pick up the sickle and hammer cause we about to have a revolution of change! #realDonaldTrump https://t.co/zzKDWcwJFC,False,
Carla Holland,carlaho15238423,5401,2,300,269,785516253356044289,False,"Newcastle, WY",2016-12-02 14:47:43,804698566199541760,RT @amrightnow: Me #RealDonaldTrump #ISIS #SyrianRefugees Watch https://t.co/j58e8aacrE @trump #tcot https://t.co/SwRKjRBxvI,False,
Laura Sessions,laurasessions10,1258,1,369,252,287300543,False,"Glen Cove, New York",2016-12-02 14:47:18,804698463237767168,"#RESISTANCE is not futile!!!! He's not the Borg, he's just a narcissist man!!!!!! #realdonaldtrump",False,
Gulzar M. Rana,SisodM,338,3,2571,463,1961176362,False,Belize,2016-12-02 14:46:43,804698316974002177,RT @amrightnow: Trump About You @realDonaldTrump #realdonaldtrump #VoteTrump2016 #TrumpTrain Watch https://t.co/j58e8aacrE https://t.co/8Fe…,False,
MR. PRINCE CHARMING,HONERABLEMRRAM,40166,3,2431,236,636672006,False,INDIA [ASIA],2016-12-02 14:45:59,804698131166203904,RT @amrightnow: Trump About You @realDonaldTrump #realdonaldtrump #VoteTrump2016 #TrumpTrain Watch https://t.co/j58e8aacrE https://t.co/8Fe…,False,
American Right Now,amrightnow,547663,3,31931,34927,449110269,False,"New Jersey, USA",2016-12-02 14:45:19,804697963213844480,Trump About You @realDonaldTrump #realdonaldtrump #VoteTrump2016 #TrumpTrain Watch https://t.co/j58e8aacrE https://t.co/8FeRLlKjy1,False,
Wisconsin,MarOlesya3,301,1,0,4,799870885075226626,False,,2016-12-02 14:40:51,804696837127081986,RT @ksdupre1: #realDonaldTrump Please not #McCall. He's not the right person for the job.,False,
Fukushima2017,fukushima2017,4168,0,0,18,4554200658,False,,2016-12-02 14:38:19,804696200603582464,"Problematic #Nuclear policy of Abe Government threat also #US Force in Japan-mainland.

@USFJ_J #realdonaldtrump @realDonaldTrump #radiation",False,
Brian K. Welch,WorldAccToWelch,4033,0,2043,873,76311165,False,"Smyrna, TN, USA",2016-12-02 14:38:13,804696175639142401,DOJ Declines To Comment On Why Agency Won’t Investigate Threats To Electors https://t.co/SyEMpbuI7C via @dailycaller #realDonaldTrump @CNN,False,
Sarah Murray,anihused1985,185,1,19,5,804449367969042432,False,,2016-12-02 14:36:01,804695623882698752,RT @tweets_tweets1: Is African a state or a country? #realDonaldTrump,False,
Pancho,So_floreal,321,0,35,56,703310547329159168,False,United States,2016-12-02 14:35:23,804695460829073408,"I would love to meet #realDonaldTrump. I feel like the media just will not show the real trump AWK. the #MAGA trump, the #draintheswap trump",False,
American Right Now,amrightnow,547663,1,31931,34927,449110269,False,"New Jersey, USA",2016-12-02 14:32:18,804694685788897281,Trump Family @realDonaldTrump #realdonaldtrump #VoteTrump2016 #TrumpTrain #tcot Watch https://t.co/j58e8aacrE https://t.co/Y9cTD3AUEh,False,
Andrea Fraser,prepraicisen191,318,5,18,8,804199320526483456,False,,2016-12-02 14:31:29,804694482625167361,RT @Jonathantello99: #realDonaldTrump #GiveMeAChance  I am proud to be a mexician american  that wants to succeed in his education #hearmyv…,False,
Blaine,bullwinkle75,43,0,24,7,362683329,False,,2016-12-02 14:27:30,804693477858705408,"Heard African-American male business owner tired Dems always let him down, ready for change and to give #realdonaldtrump a chance #VarneyCo",False,
PJ,PJ_USA_No1,1,1,3,0,804688937574952960,False,,2016-12-02 14:23:02,804692353877475328,"#realDonaldTrump...Please return Winston Churchill 'Bust' to the Oval Office on Jan. 20, 2017!",False,
Donald S Penven,donpenven,707,1,143,38,69251905,False,"Raleigh, NC",2016-12-02 14:22:01,804692099853668352,#RealDonaldTrump-One of the smartest things you did was appoint KellyAnn. Please listen to her in re: Mitt. Your trust in her led to victory,False,
American Right Now,amrightnow,547663,2,31931,34927,449110269,False,"New Jersey, USA",2016-12-02 14:20:20,804691676472164352,Me #RealDonaldTrump #ISIS #SyrianRefugees Watch https://t.co/j58e8aacrE @trump #tcot https://t.co/SwRKjRBxvI,False,
worldtalk.tv,worldtalktv,9136,0,366,372,155383277,False,Los Angeles. CA,2016-12-02 14:19:17,804691410297507840,"@realDonaldTrump backers:We trust the President #Election2016 
https://t.co/yHxFdIyIW0
#News #Headlines #realDonaldTrump #backers #President",False,25073877
William E. Lewis Jr.,4WilliamLewis,33928,1,324,364,2405538056,False,"Vero Beach, FL",2016-12-02 14:18:42,804691263740149761,RT @ftbates6399: We need the Federal Government out of health care #PrivatizetheVA #realDonaldTrump,False,
William E. Lewis Jr.,4WilliamLewis,33928,1,324,364,2405538056,False,"Vero Beach, FL",2016-12-02 14:18:42,804691262246965248,RT @amrightnow: Trump About U https://t.co/j58e8aacrE via @YouTube #realdonaldtrump #VoteTrump2016 #MakeAmericaGreatAgain https://t.co/bs31…,False,
Becky Canterbury,BeckCanterbury,22,0,84,6,2484767684,False,,2016-12-02 14:14:29,804690203470393347,@MZHemingway @KellyannePolls ...I totally agree and Trump better put her in the cabinet. #realDonaldTrump,False,18005085
Kathy Riordan,katriord,93219,1,5428,4942,17365683,False,Florida,2016-12-02 14:14:13,804690136067870720,RT @jerrylanson: 'Reckless and bizarre' Time magazine says of Trump's 'diplomacy.'  #realdonaldtrump #2016election https://t.co/NOe4f4ivC5,False,
worldtalk.tv,worldtalktv,9136,0,366,372,155383277,False,Los Angeles. CA,2016-12-02 14:13:58,804690073413386240,"Insults fly between @realDonaldTrump , @HillaryClinton aides
https://t.co/km4aPic7Ll
#News #Headlines #Insults #realDonaldTrump",False,
fromfareast,ffe628,6270,0,0,28,2814490224,False,,2016-12-02 14:11:43,804689506116857857,"Abe government seems to rethink #security Treaty between #US &amp; #Japan ,
for #Russia &amp; #Putin

@CSIS
@PacificForum #realdonaldtrump",False,
Tony,TonyMcLain9,14947,4,4921,1848,4075120754,False,,2016-12-02 14:09:46,804689018055053312,RT @amrightnow: Trump About You @realDonaldTrump #TrumpTrain Watch https://t.co/j58e8aacrE #realdonaldtrump #VoteTrump2016 https://t.co/1ZA…,False,
Fukushima2017,fukushima2017,4168,0,0,18,4554200658,False,,2016-12-02 14:08:54,804688798458052610,"Japan's Nuclear Safety standard is far inferior to #US standard

#realdonaldtrump
@realDonaldTrump
@USFJ_J
#radiation #Meltdown @NRCgov #nrc",False,
